{"cameraMode":{"drawMode":0,"name":"Shaded","section":"Shading Mode"},"sceneLighting":false,"audioPlay":false,"sceneViewState":{"m_AlwaysRefresh":false,"showFog":true,"showSkybox":false,"showFlares":true,"showImageEffects":true,"showParticleSystems":true,"showVisualEffectGraphs":true,"m_FxEnabled":true},"in2DMode":false,"pivot":{"x":-0.45635417103767397,"y":0.8436756134033203,"z":1.7455872297286988},"rotation":{"x":-0.0002906742738559842,"y":0.001510593923740089,"z":0.0000015120845091587399,"w":0.9999774098396301},"size":2.666025161743164,"orthographic":false}